{
  "name": "DynamicsReactControl",
  "version": "1.0.0",
  "description": "React-based PCF Control for Dynamics 365",
  "namespace": "DynamicsControls",
  "control": {
    "name": "DynamicsReactControl",
    "displayName": "Dynamics React Control",
    "description": "A React-based PCF Control for Dynamics 365",
    "type": "standard",
    "supportedTypes": ["SingleLine.Text", "Multiple"],
    "constructor": true,
    "parameters": [
      {
        "name": "sampleProperty",
        "displayName": "Sample Property",
        "description": "Sample property for the control",
        "type": "SingleLine.Text",
        "required": true
      }
    ],
    "resources": {
      "css": ["styles.css"],
      "resx": []
    }
  }
}